ts_unix	user_id	side	imu_state_num	imu_state	rep_id	desc_ms	rise_ms	tempo_cv	tempo_score	tempo_level	pitch_deg	pitch_vel_dps	frame_id
1760781867.72	user01	L	0	HOLD	0	0	0	0.0	100	A_매우안정	-0.28	0.1	17607818677
1760781868.77	user01	L	0	HOLD	0	0	0	0.0	100	A_매우안정	-0.23	0.04	17607818687
1760781870.55	user01	L	0	HOLD	0	0	0	0.0	100	A_매우안정	-0.22	0.0	17607818705
1760781872.43	user01	L	0	HOLD	0	0	0	0.0	100	A_매우안정	-0.21	-0.01	17607818724
1760781874.19	user01	L	1	RISE	0	0	0	0.0	100	A_매우안정	-77.83	38.98	17607818741
1760781875.95	user01	L	0	HOLD	1	882	0	0.0	100	A_매우안정	-35.52	8.12	17607818759
1760781877.82	user01	L	0	HOLD	2	882	1792	0.3	70	B_안정	-80.42	9.99	17607818778
1760781879.58	user01	L	0	HOLD	3	882	0	0.45	55	C_보통	-81.55	2.72	17607818795
1760781881.44	user01	L	-1	DESC	3	0	0	0.45	55	C_보통	-36.2	-34.01	17607818814
1760781883.19	user01	L	1	RISE	3	1356	0	0.45	55	C_보통	-71.38	25.62	17607818831
1760781884.94	user01	L	0	HOLD	4	1356	1479	0.42	58	C_보통	-76.77	5.23	17607818849
1760781886.79	user01	L	-1	DESC	4	0	0	0.42	58	C_보통	-60.57	-17.47	17607818867
1760781888.53	user01	L	1	RISE	4	786	0	0.42	58	C_보통	-79.26	11.29	17607818885
1760781890.27	user01	L	1	RISE	5	1005	0	0.46	54	C_보통	-64.9	21.21	17607818902
1760781892.13	user01	L	0	HOLD	6	1005	1280	0.23	77	B_안정	-76.57	4.95	17607818921
1760781893.87	user01	L	0	HOLD	6	1005	1280	0.23	77	B_안정	-76.77	0.74	17607818938
1760781895.71	user01	L	-1	DESC	6	0	0	0.23	77	B_안정	-23.01	-32.15	17607818957
1760781897.44	user01	L	0	HOLD	7	692	0	0.29	71	B_안정	-34.41	-4.14	17607818974
1760781899.28	user01	L	1	RISE	8	664	0	0.33	67	B_안정	-56.88	18.68	17607818992
1760781901.02	user01	L	1	RISE	9	559	0	0.13	87	A_매우안정	-64.16	19.24	17607819010
1760781902.75	user01	L	0	HOLD	10	559	1090	0.1	90	A_매우안정	-75.52	4.73	17607819027
1760781904.59	user01	L	0	HOLD	10	559	1090	0.1	90	A_매우안정	-75.72	0.82	17607819045
1760781906.41	user01	L	0	HOLD	10	559	1090	0.1	90	A_매우안정	-75.42	-0.04	17607819064
1760781908.14	user01	L	0	HOLD	10	559	1090	0.1	90	A_매우안정	-75.2	-0.11	17607819081
1760781909.87	user01	L	-1	DESC	10	0	0	0.1	90	A_매우안정	-60.41	-11.64	17607819098
1760781911.6	user01	L	-1	DESC	10	0	0	0.1	90	A_매우안정	-13.7	-17.47	17607819116
1760781913.43	user01	L	1	RISE	10	2466	0	0.1	90	A_매우안정	-39.14	14.3	17607819134
1760781915.16	user01	L	1	RISE	10	2466	0	0.1	90	A_매우안정	-79.73	15.94	17607819151
1760781916.89	user01	L	0	HOLD	11	2466	2438	0.59	41	C_보통	-79.49	2.64	17607819168
1760781918.74	user01	L	-1	DESC	11	0	0	0.59	41	C_보통	-39.35	-22.65	17607819187
1760781920.47	user01	L	0	HOLD	11	2276	0	0.59	41	C_보통	-24.39	-4.01	17607819204
1760781922.19	user01	L	1	RISE	11	2276	0	0.59	41	C_보통	-73.11	16.74	17607819221
1760781924.02	user01	L	0	HOLD	12	2276	2732	0.4	60	B_안정	-87.35	6.33	17607819240
1760781925.85	user01	L	-1	DESC	12	0	0	0.4	60	B_안정	-18.44	-52.66	17607819258
1760781927.57	user01	L	0	HOLD	13	646	1195	0.37	63	B_안정	-81.72	8.29	17607819275
1760781929.29	user01	L	1	RISE	13	597	0	0.37	63	B_안정	-83.97	13.48	17607819292
1760781931.01	user01	L	-1	DESC	14	0	0	0.54	46	C_보통	-21.75	-49.3	17607819310
1760781932.84	user01	L	0	HOLD	15	637	816	0.1	90	A_매우안정	-79.88	6.65	17607819328
1760781934.67	user01	L	0	HOLD	15	637	816	0.1	90	A_매우안정	-81.02	1.07	17607819346
1760781936.38	user01	L	-1	DESC	15	0	0	0.1	90	A_매우안정	-17.43	-49.62	17607819363
1760781938.11	user01	L	0	HOLD	16	484	796	0.1	90	A_매우안정	-83.4	5.77	17607819381
1760781939.93	user01	L	0	HOLD	16	484	796	0.1	90	A_매우안정	-74.54	-1.4	17607819399
1760781941.74	user01	L	-1	DESC	16	0	0	0.1	90	A_매우안정	-30.59	-25.27	17607819417
1760781943.47	user01	L	-1	DESC	16	0	0	0.1	90	A_매우안정	-1.46	-12.88	17607819434
1760781945.19	user01	L	1	RISE	16	2551	0	0.1	90	A_매우안정	-61.49	26.73	17607819451
1760781947.01	user01	L	1	RISE	16	2551	0	0.1	90	A_매우안정	-87.77	13.04	17607819470
1760781948.73	user01	L	0	HOLD	17	2551	3205	0.73	27	D_불안정	-88.23	4.01	17607819487
1760781950.45	user01	L	0	HOLD	17	2551	3205	0.73	27	D_불안정	-85.86	1.13	17607819504
1760781952.18	user01	L	0	HOLD	17	2551	3205	0.73	27	D_불안정	-85.91	-1.0	17607819521
1760781954.01	user01	L	0	HOLD	17	2551	3205	0.73	27	D_불안정	-81.18	-6.27	17607819540
1760781955.74	user01	L	0	HOLD	17	2551	3205	0.73	27	D_불안정	-66.7	-8.29	17607819557
1760781957.57	user01	L	-1	DESC	17	0	0	0.73	27	D_불안정	-10.48	-26.42	17607819575
1760781959.28	user01	L	0	HOLD	17	2323	0	0.73	27	D_불안정	-26.96	5.7	17607819592
1760781960.91	user01	L	1	RISE	17	2323	0	0.73	27	D_불안정	-55.03	24.61	17607819609
1760781962.85	user01	L	1	RISE	17	2323	0	0.73	27	D_불안정	-86.47	10.0	17607819628
1760781964.57	user01	L	0	HOLD	18	2323	2371	0.49	51	C_보통	-78.86	-5.85	17607819645
1760781966.29	user01	L	-1	DESC	18	0	0	0.49	51	C_보통	-11.47	-21.66	17607819662
1760781968.21	user01	L	1	RISE	18	1698	0	0.49	51	C_보통	-85.89	17.57	17607819682
1760781969.93	user01	L	-1	DESC	19	0	0	0.18	82	A_매우안정	-57.59	-16.5	17607819699
1760781971.65	user01	L	1	RISE	19	1621	0	0.18	82	A_매우안정	-40.7	11.63	17607819716
1760781973.37	user01	L	1	RISE	19	1621	0	0.18	82	A_매우안정	-81.95	10.39	17607819733
1760781975.2	user01	L	-1	DESC	20	0	0	0.14	86	A_매우안정	-14.98	-43.26	17607819751
1760781976.91	user01	L	0	HOLD	20	2183	0	0.14	86	A_매우안정	-0.56	-9.94	17607819769
1760782012.54	user02	L	0	HOLD	1	0	853	0.0	100	A_매우안정	-78.78	1.92	17607820125
1760782012.74	user02	L	0	HOLD	1	0	853	0.0	100	A_매우안정	-79.24	1.69	17607820127
1760782012.74	user02	L	0	HOLD	1	0	853	0.0	100	A_매우안정	-79.24	1.69	17607820127
1760782014.74	user02	L	0	HOLD	1	0	853	0.0	100	A_매우안정	-81.64	-0.2	17607820147
1760782016.51	user02	L	-1	DESC	1	0	0	0.0	100	A_매우안정	-44.54	-33.52	17607820165
1760782018.39	user02	L	1	RISE	1	1109	0	0.0	100	A_매우안정	-79.6	16.14	17607820183
1760782020.26	user02	L	1	RISE	2	910	0	0.4	60	B_안정	-81.69	28.18	17607820202
1760782022.02	user02	L	1	RISE	3	759	0	0.32	68	B_안정	-75.91	29.98	17607820220
1760782023.78	user02	L	1	RISE	4	816	0	0.09	91	A_매우안정	-59.0	23.52	17607820237
1760782025.64	user02	L	-1	DESC	5	0	0	0.07	93	A_매우안정	-10.96	-12.87	17607820256
1760782027.5	user02	L	-1	DESC	6	0	0	0.16	84	A_매우안정	-21.6	-32.71	17607820275
1760782029.25	user02	L	1	RISE	6	1186	0	0.16	84	A_매우안정	-69.79	25.08	17607820292
1760782031.09	user02	L	0	HOLD	7	1015	0	0.16	84	A_매우안정	-23.23	-9.26	17607820310
1760782032.74	user02	L	0	HOLD	8	1015	1223	0.04	96	A_매우안정	-57.35	-7.31	17607820327
1760782034.68	user02	L	1	RISE	9	987	0	0.34	66	B_안정	-73.71	24.34	17607820346
1760782036.43	user02	L	0	HOLD	10	1034	0	0.31	69	B_안정	-20.85	-8.29	17607820364
1760782038.17	user02	L	-1	DESC	13	0	0	0.14	86	A_매우안정	-28.33	-23.62	17607820381
