ts_unix	user_id	side	proc_state	frame_id	rep_id	rms	mdf	sampen	msesen	iemg	rms_norm	dmdf	dsampen	dmsesen	diemg	FI	FI_ema	CV_norm	FI_hybrid	FIh_ema
1760781868.71	user01	R	CALIB	17607818687	0	201.19	158.68	1.96	1.76	172.93	0.0	0.0	0.0	0.0	0.0	0.0	0.0	0.0	0.0	0.0
1760781870.54	user01	R	RUN	17607818705	0	211.83	97.53	1.89	1.18	171.74	1.0	-0.39	-0.03	-0.33	-0.01	-0.22	-0.22	0.0	-0.18	-0.18
1760781872.28	user01	R	RUN	17607818722	0	205.02	105.79	1.76	1.52	170.66	0.97	-0.33	-0.1	-0.13	-0.01	-0.16	-0.2	0.0	-0.13	-0.16
1760781874.11	user01	R	RUN	17607818741	0	237.91	87.84	2.13	2.13	193.69	1.13	-0.45	0.09	0.21	0.12	-0.02	-0.15	0.0	-0.02	-0.12
1760781875.94	user01	R	RUN	17607818759	1	216.78	161.27	1.98	1.39	182.54	1.03	0.02	0.01	-0.21	0.06	-0.07	-0.12	0.0	-0.05	-0.1
1760781877.67	user01	R	RUN	17607818776	2	261.63	104.05	1.84	1.02	191.47	1.24	-0.34	-0.06	-0.42	0.11	-0.28	-0.17	0.3	-0.16	-0.12
1760781879.49	user01	R	RUN	17607818794	3	236.62	100.74	2.25	0.91	200.36	1.12	-0.37	0.15	-0.48	0.16	-0.23	-0.19	0.45	-0.09	-0.11
1760781881.22	user01	R	RUN	17607818812	3	212.86	158.51	2.27	1.43	173.45	1.01	-0.0	0.16	-0.19	0.0	-0.02	-0.14	0.45	0.07	-0.05
1760781883.05	user01	R	RUN	17607818830	3	224.72	156.2	2.3	1.06	183.05	1.06	-0.02	0.17	-0.4	0.06	-0.1	-0.12	0.45	0.01	-0.03
1760781884.77	user01	R	RUN	17607818847	4	240.38	132.06	1.98	1.26	195.65	1.14	-0.17	0.01	-0.29	0.13	-0.15	-0.13	0.42	-0.04	-0.04
1760781886.59	user01	R	RUN	17607818865	4	195.09	123.45	2.1	1.68	160.84	0.92	-0.22	0.07	-0.04	-0.07	-0.04	-0.11	0.42	0.05	-0.01
1760781888.41	user01	R	RUN	17607818884	4	224.96	118.92	2.44	1.1	181.39	1.06	-0.25	0.25	-0.38	0.05	-0.13	-0.11	0.42	-0.02	-0.01
1760781890.13	user01	R	RUN	17607818901	5	221.56	89.64	1.89	1.06	191.68	1.05	-0.44	-0.04	-0.39	0.11	-0.26	-0.16	0.46	-0.12	-0.04
1760781891.95	user01	R	RUN	17607818919	6	216.63	130.66	2.23	1.63	183.01	1.03	-0.18	0.14	-0.08	0.06	-0.03	-0.12	0.23	0.02	-0.02
1760781893.77	user01	R	RUN	17607818937	6	248.42	138.99	2.15	1.46	210.93	1.18	-0.12	0.09	-0.17	0.22	-0.08	-0.11	0.23	-0.02	-0.02
1760781895.49	user01	R	RUN	17607818954	6	202.77	111.58	1.99	1.92	172.35	0.96	-0.3	0.01	0.09	-0.0	-0.04	-0.09	0.23	0.02	-0.01
1760781897.31	user01	R	RUN	17607818973	7	268.2	146.93	2.29	1.58	206.86	1.27	-0.07	0.17	-0.1	0.2	-0.03	-0.07	0.29	0.03	0.0
1760781899.12	user01	R	RUN	17607818991	8	218.38	65.59	2.04	0.96	181.89	1.03	-0.59	0.04	-0.46	0.05	-0.3	-0.14	0.33	-0.17	-0.05
1760781900.84	user01	R	RUN	17607819008	9	284.96	124.03	1.98	1.38	206.06	1.35	-0.22	0.01	-0.22	0.19	-0.16	-0.15	0.13	-0.11	-0.07
1760781902.65	user01	R	RUN	17607819026	10	219.89	179.51	2.41	1.45	178.5	1.04	0.13	0.23	-0.18	0.03	0.04	-0.09	0.1	0.05	-0.03
1760781904.46	user01	R	RUN	17607819044	10	242.09	112.28	1.6	1.54	204.09	1.15	-0.29	-0.18	-0.13	0.18	-0.19	-0.12	0.1	-0.13	-0.06
1760781906.18	user01	R	RUN	17607819061	10	201.74	146.59	1.77	1.29	160.58	0.95	-0.08	-0.1	-0.27	-0.07	-0.14	-0.12	0.1	-0.09	-0.07
1760781907.99	user01	R	RUN	17607819079	10	191.78	121.64	2.49	1.46	159.74	0.91	-0.23	0.27	-0.17	-0.08	-0.03	-0.1	0.1	-0.0	-0.05
1760781909.7	user01	R	RUN	17607819097	10	253.52	110.58	2.02	1.49	201.29	1.2	-0.3	0.03	-0.15	0.16	-0.14	-0.11	0.1	-0.09	-0.06
1760781911.51	user01	R	RUN	17607819115	10	259.72	149.83	1.53	1.11	221.24	1.23	-0.06	-0.22	-0.37	0.28	-0.23	-0.15	0.1	-0.16	-0.09
1760781913.32	user01	R	RUN	17607819133	10	227.62	146.27	2.27	1.61	198.82	1.08	-0.08	0.15	-0.08	0.15	-0.01	-0.1	0.1	0.01	-0.06
1760781915.03	user01	R	RUN	17607819150	10	259.85	160.7	1.72	1.78	196.98	1.23	0.01	-0.12	0.01	0.14	-0.05	-0.09	0.1	-0.02	-0.05
1760781916.84	user01	R	RUN	17607819168	11	266.34	121.78	1.97	2.54	208.02	1.26	-0.23	0.0	0.44	0.2	0.07	-0.04	0.59	0.17	0.02
1760781918.55	user01	R	RUN	17607819185	11	204.0	119.33	1.67	1.34	169.23	0.97	-0.25	-0.15	-0.24	-0.02	-0.19	-0.08	0.59	-0.03	0.0
1760781920.26	user01	R	RUN	17607819202	11	272.08	120.93	1.88	1.63	191.33	1.29	-0.24	-0.04	-0.07	0.11	-0.13	-0.1	0.59	0.02	0.01
1760781922.17	user01	R	RUN	17607819221	11	233.5	141.94	1.93	0.97	184.31	1.11	-0.11	-0.01	-0.45	0.07	-0.2	-0.13	0.59	-0.04	-0.01
1760781923.88	user01	R	RUN	17607819238	12	241.01	161.81	1.88	2.34	185.52	1.14	0.02	-0.04	0.33	0.07	0.09	-0.06	0.4	0.16	0.04
1760781925.59	user01	R	RUN	17607819255	12	241.87	105.51	2.02	1.04	194.07	1.14	-0.34	0.03	-0.41	0.12	-0.23	-0.11	0.4	-0.1	-0.0
1760781927.4	user01	R	RUN	17607819274	13	242.7	97.99	1.75	1.53	208.73	1.15	-0.38	-0.11	-0.13	0.21	-0.19	-0.13	0.37	-0.08	-0.02
1760781929.11	user01	R	RUN	17607819291	13	248.62	134.74	1.48	1.46	189.01	1.18	-0.15	-0.25	-0.17	0.09	-0.19	-0.15	0.37	-0.08	-0.04
1760781931.02	user01	R	RUN	17607819310	14	223.68	124.53	2.38	1.81	186.54	1.06	-0.22	0.22	0.03	0.08	0.01	-0.1	0.54	0.12	0.01
1760781932.72	user01	R	RUN	17607819327	15	245.17	174.85	2.12	1.14	190.46	1.16	0.1	0.08	-0.35	0.1	-0.09	-0.1	0.1	-0.05	-0.01
1760781934.53	user01	R	RUN	17607819345	15	215.62	114.79	2.58	1.68	175.16	1.02	-0.28	0.32	-0.04	0.01	0.01	-0.07	0.1	0.03	0.0
1760781936.34	user01	R	RUN	17607819363	15	256.13	101.68	2.12	1.38	197.64	1.21	-0.36	0.08	-0.22	0.14	-0.16	-0.09	0.1	-0.11	-0.03
1760781938.14	user01	R	RUN	17607819381	16	212.13	95.78	2.54	1.26	173.75	1.0	-0.4	0.3	-0.29	0.0	-0.11	-0.1	0.1	-0.07	-0.04
1760781939.84	user01	R	RUN	17607819398	16	206.29	116.73	2.16	1.14	164.8	0.98	-0.26	0.1	-0.35	-0.05	-0.16	-0.12	0.1	-0.1	-0.06
1760781941.65	user01	R	RUN	17607819416	16	269.67	119.12	1.68	1.28	213.71	1.28	-0.25	-0.14	-0.27	0.24	-0.23	-0.15	0.1	-0.16	-0.09
1760781943.35	user01	R	RUN	17607819433	16	237.96	143.47	2.32	2.01	189.64	1.13	-0.1	0.18	0.14	0.1	0.07	-0.08	0.1	0.08	-0.04
1760781945.06	user01	R	RUN	17607819450	16	231.7	137.63	2.09	0.52	190.07	1.1	-0.13	0.07	-0.7	0.1	-0.27	-0.14	0.1	-0.19	-0.09
1760781946.86	user01	R	RUN	17607819468	16	214.44	173.11	1.75	1.65	172.5	1.01	0.09	-0.11	-0.06	-0.0	-0.03	-0.11	0.1	-0.01	-0.06
1760781948.67	user01	R	RUN	17607819486	17	229.91	143.83	2.5	2.22	186.76	1.09	-0.09	0.28	0.26	0.08	0.14	-0.03	0.73	0.26	0.03
1760781950.47	user01	R	RUN	17607819504	17	230.59	152.57	2.45	1.35	175.47	1.09	-0.04	0.25	-0.23	0.01	-0.03	-0.03	0.73	0.13	0.06
1760781952.18	user01	R	RUN	17607819521	17	233.16	88.7	1.56	1.82	186.92	1.1	-0.44	-0.2	0.04	0.08	-0.17	-0.07	0.73	0.01	0.05
1760781953.98	user01	R	RUN	17607819539	17	205.16	114.18	2.08	1.5	172.82	0.97	-0.28	0.06	-0.15	-0.0	-0.1	-0.08	0.73	0.07	0.05
1760781955.78	user01	R	RUN	17607819557	17	240.3	140.65	1.57	1.43	186.14	1.14	-0.11	-0.2	-0.19	0.08	-0.17	-0.11	0.73	0.01	0.04
1760781957.48	user01	R	RUN	17607819574	17	217.04	139.9	2.09	1.41	182.92	1.03	-0.12	0.06	-0.2	0.06	-0.08	-0.1	0.73	0.08	0.05
1760781959.19	user01	R	RUN	17607819591	17	234.55	96.64	1.91	1.25	194.87	1.11	-0.39	-0.03	-0.29	0.13	-0.22	-0.14	0.73	-0.03	0.03
1760781960.99	user01	R	RUN	17607819609	17	234.99	128.69	2.28	1.23	187.21	1.11	-0.19	0.16	-0.3	0.08	-0.11	-0.13	0.73	0.05	0.04
1760781962.8	user01	R	RUN	17607819627	17	205.78	147.66	1.69	1.32	170.39	0.97	-0.07	-0.14	-0.25	-0.01	-0.14	-0.13	0.73	0.03	0.03
1760781964.6	user01	R	RUN	17607819645	18	261.64	98.6	1.74	1.5	203.78	1.24	-0.38	-0.11	-0.15	0.18	-0.2	-0.15	0.49	-0.07	0.0
1760781966.3	user01	R	RUN	17607819663	18	218.77	84.18	1.78	0.98	178.18	1.04	-0.47	-0.09	-0.44	0.03	-0.3	-0.2	0.49	-0.14	-0.04
1760781968.1	user01	R	RUN	17607819681	18	234.46	115.42	2.67	1.5	181.89	1.11	-0.27	0.36	-0.15	0.05	-0.02	-0.15	0.49	0.08	-0.0
1760781969.9	user01	R	RUN	17607819699	19	259.82	93.43	1.83	1.87	201.31	1.23	-0.41	-0.07	0.07	0.16	-0.12	-0.14	0.18	-0.06	-0.02
1760781971.6	user01	R	RUN	17607819716	19	246.77	133.06	1.88	1.55	190.87	1.17	-0.16	-0.04	-0.12	0.1	-0.11	-0.13	0.18	-0.05	-0.03
1760781973.4	user01	R	RUN	17607819734	19	237.15	137.58	2.27	1.16	186.26	1.12	-0.13	0.16	-0.34	0.08	-0.12	-0.13	0.18	-0.06	-0.04
1760781975.1	user01	R	RUN	17607819751	20	233.44	136.15	2.18	1.86	176.39	1.1	-0.14	0.11	0.06	0.02	0.01	-0.09	0.14	0.03	-0.02
1760781976.91	user01	R	RUN	17607819769	20	226.06	109.57	2.25	1.38	186.27	1.07	-0.31	0.14	-0.21	0.08	-0.12	-0.1	0.14	-0.06	-0.03
1760782012.79	user02	R	CALIB	17607820127	1	210.96	146.02	2.56	1.56	169.37	0.0	0.0	0.0	0.0	0.0	0.0	0.0	0.0	0.0	0.0
1760782014.64	user02	R	RUN	17607820146	1	266.62	140.17	1.96	1.9	211.08	1.01	-0.04	-0.23	0.22	0.25	-0.0	-0.0	0.0	-0.0	-0.0
1760782016.47	user02	R	RUN	17607820164	1	215.2	130.41	2.24	1.11	168.05	0.82	-0.11	-0.13	-0.29	-0.01	-0.15	-0.05	0.0	-0.12	-0.04
1760782018.3	user02	R	RUN	17607820183	1	231.87	178.44	2.1	1.62	178.66	0.88	0.22	-0.18	0.04	0.05	0.03	-0.02	0.0	0.02	-0.02
1760782020.13	user02	R	RUN	17607820201	2	264.76	130.7	1.97	2.15	197.99	1.0	-0.1	-0.23	0.38	0.17	0.04	-0.01	0.4	0.11	0.02
1760782021.86	user02	R	RUN	17607820218	3	239.88	108.04	2.0	1.03	188.59	0.91	-0.26	-0.22	-0.34	0.11	-0.24	-0.08	0.32	-0.13	-0.03
1760782023.69	user02	R	RUN	17607820236	4	228.67	90.52	2.35	1.14	190.91	0.87	-0.38	-0.08	-0.27	0.13	-0.2	-0.11	0.09	-0.14	-0.06
1760782025.42	user02	R	RUN	17607820254	5	249.15	126.99	2.12	1.5	196.22	0.94	-0.13	-0.17	-0.04	0.16	-0.09	-0.11	0.07	-0.06	-0.06
1760782027.35	user02	R	RUN	17607820273	6	230.68	151.22	2.56	2.06	178.31	0.87	0.04	-0.0	0.32	0.05	0.13	-0.03	0.16	0.14	-0.0
1760782029.07	user02	R	RUN	17607820290	6	226.17	114.88	2.02	2.06	170.85	0.86	-0.21	-0.21	0.32	0.01	0.01	-0.02	0.16	0.04	0.01
1760782030.89	user02	R	RUN	17607820308	7	252.77	139.07	1.54	1.4	211.67	0.96	-0.05	-0.4	-0.1	0.25	-0.16	-0.06	0.16	-0.1	-0.02
1760782032.71	user02	R	RUN	17607820327	8	269.65	155.07	2.14	0.91	197.58	1.02	0.06	-0.16	-0.42	0.17	-0.18	-0.1	0.04	-0.14	-0.06
1760782034.43	user02	R	RUN	17607820344	9	215.95	138.07	1.79	1.28	182.53	0.82	-0.05	-0.3	-0.18	0.08	-0.15	-0.11	0.34	-0.05	-0.05
1760782036.25	user02	R	RUN	17607820362	10	273.1	153.28	2.12	1.86	194.33	1.04	0.05	-0.17	0.19	0.15	0.02	-0.07	0.31	0.08	-0.01
1760782038.07	user02	R	RUN	17607820380	13	256.01	123.71	1.94	1.57	195.87	0.97	-0.15	-0.24	0.01	0.16	-0.1	-0.08	0.14	-0.05	-0.03
